-- Copyright (C) 2009 University of Fribourg and ETH Zurich
--
-- This file is part of the RESTful EPCIS.


-- This script inserts some test data to play around with into the EPCIS database.

BEGIN;


-- ---------------------------------------------
-- Aggregation Event Test Data
-- ---------------------------------------------

INSERT INTO `event_AggregationEvent` (`id`, `eventTime`, `recordTime`, `eventTimeZoneOffset`, `parentID`, `action`, `bizStep`, `disposition`, `readPoint`, `bizLocation`) VALUES
(1, '2009-10-16 10:00:00', '2009-10-16 10:00:00', '+01:00', 'urn:epc:id:sgtin:0000001.000001.0001', 'ADD', 12, 6, 8, 3),
(2, '2009-10-16 10:01:00', '2009-10-16 10:01:00', '+01:00', 'urn:epc:id:sgtin:0000001.000001.0002', 'ADD', 12, 6, 8, 3),
(3, '2009-10-16 10:02:00', '2009-10-16 10:02:00', '+01:00', 'urn:epc:id:sgtin:0000001.000001.0003', 'ADD', 12, 6, 8, 3),
(4, '2009-10-16 10:03:00', '2009-10-16 10:03:00', '+01:00', 'urn:epc:id:sgtin:0000001.000001.0004', 'ADD', 12, 6, 8, 3),
(5, '2009-10-16 10:04:00', '2009-10-16 10:04:00', '+01:00', 'urn:epc:id:sgtin:0000001.000001.0005', 'ADD', 12, 6, 8, 3);

INSERT INTO `event_AggregationEvent_EPCs` (`event_id`, `epc`, `idx`) VALUES
(1, 'urn:epc:id:sgtin:0000004.000001.0001', 0),
(1, 'urn:epc:id:sgtin:0000004.000001.0002', 1),
(2, 'urn:epc:id:sgtin:0000004.000001.0003', 2),
(2, 'urn:epc:id:sgtin:0000004.000001.0004', 3),
(3, 'urn:epc:id:sgtin:0000004.000001.0005', 4),
(3, 'urn:epc:id:sgtin:0000004.000001.0006', 5),
(4, 'urn:epc:id:sgtin:0000004.000001.0007', 6),
(4, 'urn:epc:id:sgtin:0000004.000001.0008', 7),
(5, 'urn:epc:id:sgtin:0000004.000001.0009', 8),
(5, 'urn:epc:id:sgtin:0000004.000001.0010', 9),
(1, 'urn:epc:id:sgtin:0000003.000001.0001', 10),
(1, 'urn:epc:id:sgtin:0000003.000001.0002', 11),
(2, 'urn:epc:id:sgtin:0000003.000001.0003', 12),
(2, 'urn:epc:id:sgtin:0000003.000001.0004', 13),
(3, 'urn:epc:id:sgtin:0000003.000001.0005', 14),
(3, 'urn:epc:id:sgtin:0000003.000001.0006', 15),
(4, 'urn:epc:id:sgtin:0000003.000001.0007', 16),
(4, 'urn:epc:id:sgtin:0000003.000001.0008', 17),
(5, 'urn:epc:id:sgtin:0000003.000001.0009', 18),
(5, 'urn:epc:id:sgtin:0000003.000001.0010', 19),
(1, 'urn:epc:id:sgtin:0000002.000001.0001', 20),
(2, 'urn:epc:id:sgtin:0000002.000001.0002', 21),
(3, 'urn:epc:id:sgtin:0000002.000001.0003', 22),
(4, 'urn:epc:id:sgtin:0000002.000001.0004', 23),
(5, 'urn:epc:id:sgtin:0000002.000001.0005', 24);

-- ---------------------------------------------
-- Object Event Test Data
-- ---------------------------------------------

INSERT INTO `event_ObjectEvent` (`id`, `eventTime`, `recordTime`, `eventTimeZoneOffset`, `action`, `bizStep`, `disposition`, `readPoint`, `bizLocation`) VALUES
(1, '2009-10-01 09:50:35', '2009-10-01 09:50:38', '-03:00', 'ADD', 17, 2, 13, 7),
(2, '2009-10-09 16:12:32', '2009-10-09 16:12:34', '+01:00', 'OBSERVE', 15, 7, 15, 9),
(3, '2009-10-12 20:42:12', '2009-10-11 20:42:12', '+01:00', 'OBSERVE', 9, 7, 16, 10),
(4, '2009-10-14 08:45:12', '2009-10-14 08:45:14', '+01:00', 'OBSERVE', 10, 7, 17, 11),
(5, '2009-10-08 14:16:18', '2009-10-08 14:18:45', '+01:00', 'ADD', 17, 2, 14, 8),
(6, '2009-10-12 09:45:10', '2009-10-12 09:45:12', '+01:00', 'OBSERVE', 10, 7, 17, 11),
(7, '2009-10-14 10:02:30', '2009-10-14 10:02:32', '+01:00', 'OBSERVE', 2, 1, 6, 3),
(8, '2009-10-12 10:01:10', '2009-10-12 10:01:12', '+01:00', 'OBSERVE', 2, 1, 6, 3),
(9, '2009-10-16 07:30:16', '2009-10-16 07:30:18', '+01:00', 'ADD', 17, 2, 12, 6),
(10, '2009-10-16 08:01:16', '2009-10-16 08:01:18', '+01:00', 'OBSERVE', 2, 1, 6, 3),
(16, '2009-10-16 11:15:11', '2009-10-16 10:15:16', '+01:00', 'OBSERVE', 14, 15, 10, 4),
(17, '2009-10-16 11:15:21', '2009-10-16 10:15:26', '+01:00', 'OBSERVE', 14, 15, 10, 4),
(18, '2009-10-16 11:15:31', '2009-10-16 10:15:36', '+01:00', 'OBSERVE', 14, 15, 10, 4),
(19, '2009-10-16 11:30:44', '2009-10-16 11:30:46', '+01:00', 'OBSERVE', 17, 6, 9, 3),
(20, '2009-10-16 11:30:48', '2009-10-16 11:30:50', '+01:00', 'OBSERVE', 17, 6, 9, 3),
(21, '2009-10-16 11:42:24', '2009-10-16 11:42:26', '+01:00', 'OBSERVE', 14, 15, 11, 5),
(22, '2009-10-16 11:42:28', '2009-10-16 11:42:30', '+01:00', 'OBSERVE', 14, 15, 11, 5),
(23, '2009-10-16 13:24:11', '2009-10-16 13:24:15', '+01:00', 'OBSERVE', 14, 15, 1, 1),
(24, '2009-10-16 13:24:21', '2009-10-16 13:24:25', '+01:00', 'OBSERVE', 14, 15, 1, 1),
(25, '2009-10-16 13:24:31', '2009-10-16 13:24:35', '+01:00', 'OBSERVE', 14, 15, 1, 1),
(26, '2009-10-16 14:22:22', '2009-10-16 14:22:22', '+01:00', 'OBSERVE', 11, 17, 1, 1),
(27, '2009-10-16 15:24:00', '2009-10-16 15:24:00', '+01:00', 'OBSERVE', 11, 17, 1, 1),
(28, '2009-10-16 15:24:01', '2009-10-16 15:24:01', '+01:00', 'OBSERVE', 11, 17, 1, 1),
(29, '2009-10-16 14:24:22', '2009-10-16 14:24:22', '+01:00', 'OBSERVE', 11, 18, 3, 1),
(30, '2009-10-16 15:26:00', '2009-10-16 15:26:00', '+01:00', 'OBSERVE', 11, 18, 4, 1),
(31, '2009-10-16 15:26:01', '2009-10-16 15:26:01', '+01:00', 'OBSERVE', 11, 18, 4, 1),
(32, '2009-09-01 12:14:16', '2009-09-01 12:14:16', '+01:00', 'ADD', 2, 15, 18, 12),
(33, '2009-09-08 10:01:00', '2009-09-08 10:01:00', '+01:00', 'OBSERVE', 5, 17, 18, 12),
(34, '2009-09-22 11:11:11', '2009-09-22 11:11:11', '+01:00', 'OBSERVE', 2, 13, 19, 1),
(35, '2009-09-22 16:22:22', '2009-09-22 16:22:22', '+01:00', 'OBSERVE', 2, 1, 3, 1),
(36, '2009-09-25 12:34:56', '2009-09-26 12:34:56', '+01:00', 'OBSERVE', 2, 14, 19, 1),
(37, '2009-10-01 08:00:00', '2009-10-01 08:00:00', '+01:00', 'OBSERVE', 2, 1, 3, 1);


INSERT INTO `event_ObjectEvent_EPCs` (`event_id`, `epc`, `idx`) VALUES
(1, 'urn:epc:id:sgtin:0000003.000001.0001', 0),
(1, 'urn:epc:id:sgtin:0000003.000001.0002', 1),
(1, 'urn:epc:id:sgtin:0000003.000001.0003', 2),
(1, 'urn:epc:id:sgtin:0000003.000001.0004', 3),
(1, 'urn:epc:id:sgtin:0000003.000001.0005', 4),
(1, 'urn:epc:id:sgtin:0000003.000001.0006', 5),
(1, 'urn:epc:id:sgtin:0000003.000001.0007', 6),
(1, 'urn:epc:id:sgtin:0000003.000001.0008', 7),
(1, 'urn:epc:id:sgtin:0000003.000001.0009', 8),
(1, 'urn:epc:id:sgtin:0000003.000001.0010', 9),
(2, 'urn:epc:id:sgtin:0000003.000001.0001', 10),
(2, 'urn:epc:id:sgtin:0000003.000001.0002', 11),
(2, 'urn:epc:id:sgtin:0000003.000001.0003', 12),
(2, 'urn:epc:id:sgtin:0000003.000001.0004', 13),
(2, 'urn:epc:id:sgtin:0000003.000001.0005', 14),
(2, 'urn:epc:id:sgtin:0000003.000001.0006', 15),
(2, 'urn:epc:id:sgtin:0000003.000001.0007', 16),
(2, 'urn:epc:id:sgtin:0000003.000001.0008', 17),
(2, 'urn:epc:id:sgtin:0000003.000001.0009', 18),
(2, 'urn:epc:id:sgtin:0000003.000001.0010', 19),
(3, 'urn:epc:id:sgtin:0000003.000001.0001', 20),
(3, 'urn:epc:id:sgtin:0000003.000001.0002', 21),
(3, 'urn:epc:id:sgtin:0000003.000001.0003', 22),
(3, 'urn:epc:id:sgtin:0000003.000001.0004', 23),
(3, 'urn:epc:id:sgtin:0000003.000001.0005', 24),
(3, 'urn:epc:id:sgtin:0000003.000001.0006', 25),
(3, 'urn:epc:id:sgtin:0000003.000001.0007', 26),
(3, 'urn:epc:id:sgtin:0000003.000001.0008', 27),
(3, 'urn:epc:id:sgtin:0000003.000001.0009', 28),
(3, 'urn:epc:id:sgtin:0000003.000001.0010', 29),
(4, 'urn:epc:id:sgtin:0000003.000001.0001', 30),
(4, 'urn:epc:id:sgtin:0000003.000001.0002', 31),
(4, 'urn:epc:id:sgtin:0000003.000001.0003', 32),
(4, 'urn:epc:id:sgtin:0000003.000001.0004', 33),
(4, 'urn:epc:id:sgtin:0000003.000001.0005', 34),
(4, 'urn:epc:id:sgtin:0000003.000001.0006', 35),
(4, 'urn:epc:id:sgtin:0000003.000001.0007', 36),
(4, 'urn:epc:id:sgtin:0000003.000001.0008', 37),
(4, 'urn:epc:id:sgtin:0000003.000001.0009', 38),
(4, 'urn:epc:id:sgtin:0000003.000001.0010', 39),
(5, 'urn:epc:id:sgtin:0000004.000001.0001', 40),
(5, 'urn:epc:id:sgtin:0000004.000001.0002', 41),
(5, 'urn:epc:id:sgtin:0000004.000001.0003', 42),
(5, 'urn:epc:id:sgtin:0000004.000001.0004', 43),
(5, 'urn:epc:id:sgtin:0000004.000001.0005', 44),
(5, 'urn:epc:id:sgtin:0000004.000001.0006', 45),
(5, 'urn:epc:id:sgtin:0000004.000001.0007', 46),
(5, 'urn:epc:id:sgtin:0000004.000001.0008', 47),
(5, 'urn:epc:id:sgtin:0000004.000001.0009', 48),
(5, 'urn:epc:id:sgtin:0000004.000001.0010', 49),
(6, 'urn:epc:id:sgtin:0000004.000001.0001', 50),
(6, 'urn:epc:id:sgtin:0000004.000001.0002', 51),
(6, 'urn:epc:id:sgtin:0000004.000001.0003', 52),
(6, 'urn:epc:id:sgtin:0000004.000001.0004', 53),
(6, 'urn:epc:id:sgtin:0000004.000001.0005', 54),
(6, 'urn:epc:id:sgtin:0000004.000001.0006', 55),
(6, 'urn:epc:id:sgtin:0000004.000001.0007', 56),
(6, 'urn:epc:id:sgtin:0000004.000001.0008', 57),
(6, 'urn:epc:id:sgtin:0000004.000001.0009', 58),
(6, 'urn:epc:id:sgtin:0000004.000001.0010', 59),
(7, 'urn:epc:id:sgtin:0000003.000001.0001', 60),
(7, 'urn:epc:id:sgtin:0000003.000001.0002', 61),
(7, 'urn:epc:id:sgtin:0000003.000001.0003', 62),
(7, 'urn:epc:id:sgtin:0000003.000001.0004', 63),
(7, 'urn:epc:id:sgtin:0000003.000001.0005', 64),
(7, 'urn:epc:id:sgtin:0000003.000001.0006', 65),
(7, 'urn:epc:id:sgtin:0000003.000001.0007', 66),
(7, 'urn:epc:id:sgtin:0000003.000001.0008', 67),
(7, 'urn:epc:id:sgtin:0000003.000001.0009', 68),
(7, 'urn:epc:id:sgtin:0000003.000001.0010', 69),
(8, 'urn:epc:id:sgtin:0000004.000001.0001', 70),
(8, 'urn:epc:id:sgtin:0000004.000001.0002', 71),
(8, 'urn:epc:id:sgtin:0000004.000001.0003', 72),
(8, 'urn:epc:id:sgtin:0000004.000001.0004', 73),
(8, 'urn:epc:id:sgtin:0000004.000001.0005', 74),
(8, 'urn:epc:id:sgtin:0000004.000001.0006', 75),
(8, 'urn:epc:id:sgtin:0000004.000001.0007', 76),
(8, 'urn:epc:id:sgtin:0000004.000001.0008', 77),
(8, 'urn:epc:id:sgtin:0000004.000001.0009', 78),
(8, 'urn:epc:id:sgtin:0000004.000001.0010', 79),
(9, 'urn:epc:id:sgtin:0000002.000001.0001', 70),
(9, 'urn:epc:id:sgtin:0000002.000001.0002', 71),
(9, 'urn:epc:id:sgtin:0000002.000001.0003', 72),
(9, 'urn:epc:id:sgtin:0000002.000001.0004', 73),
(9, 'urn:epc:id:sgtin:0000002.000001.0005', 74),
(10, 'urn:epc:id:sgtin:0000002.000001.0001', 75),
(10, 'urn:epc:id:sgtin:0000002.000001.0002', 76),
(10, 'urn:epc:id:sgtin:0000002.000001.0003', 77),
(10, 'urn:epc:id:sgtin:0000002.000001.0004', 78),
(10, 'urn:epc:id:sgtin:0000002.000001.0005', 79),
(16, 'urn:epc:id:sgtin:0000001.000001.0001', 80),
(17, 'urn:epc:id:sgtin:0000001.000001.0002', 81),
(18, 'urn:epc:id:sgtin:0000001.000001.0003', 82),
(19, 'urn:epc:id:sgtin:0000001.000001.0004', 83),
(20, 'urn:epc:id:sgtin:0000001.000001.0005', 84),
(21, 'urn:epc:id:sgtin:0000001.000001.0004', 85),
(22, 'urn:epc:id:sgtin:0000001.000001.0005', 86),
(23, 'urn:epc:id:sgtin:0000001.000001.0001', 87),
(24, 'urn:epc:id:sgtin:0000001.000001.0002', 88),
(25, 'urn:epc:id:sgtin:0000001.000001.0003', 89),
(26, 'urn:epc:id:sgtin:0000001.000001.0001', 90),
(27, 'urn:epc:id:sgtin:0000001.000001.0002', 91),
(28, 'urn:epc:id:sgtin:0000001.000001.0003', 92),
(29, 'urn:epc:id:sgtin:0000001.000001.0001', 93),
(30, 'urn:epc:id:sgtin:0000001.000001.0002', 94),
(31, 'urn:epc:id:sgtin:0000001.000001.0003', 95),
(32, 'urn:epc:id:sgtin:0101010.101010.0042', 96),
(33, 'urn:epc:id:sgtin:0101010.101010.0042', 97),
(34, 'urn:epc:id:sgtin:0101010.101010.0042', 98),
(35, 'urn:epc:id:sgtin:0101010.101010.0042', 99),
(36, 'urn:epc:id:sgtin:0101010.101010.0042', 100),
(37, 'urn:epc:id:sgtin:0101010.101010.0042', 101);


-- ---------------------------------------------
-- Quantity Event Test Data
-- ---------------------------------------------

INSERT INTO `event_QuantityEvent` (`id`, `eventTime`, `recordTime`, `eventTimeZoneOffset`, `epcClass`, `quantity`, `bizStep`, `disposition`, `readPoint`, `bizLocation`) VALUES
(1, '2009-10-01 23:00:00', '2009-10-01 23:00:00', '+01:00', 3, 0, NULL, NULL, 7, 3),
(2, '2009-10-01 23:00:00', '2009-10-01 23:00:00', '+01:00', 4, 0, NULL, NULL, 7, 3),
(3, '2009-10-02 23:00:00', '2009-10-02 23:00:00', '+01:00', 3, 0, NULL, NULL, 7, 3),
(4, '2009-10-02 23:00:00', '2009-10-02 23:00:00', '+01:00', 4, 0, NULL, NULL, 7, 3),
(5, '2009-10-03 23:00:00', '2009-10-03 23:00:00', '+01:00', 3, 0, NULL, NULL, 7, 3),
(6, '2009-10-03 23:00:00', '2009-10-03 23:00:00', '+01:00', 4, 0, NULL, NULL, 7, 3),
(7, '2009-10-04 23:00:00', '2009-10-04 23:00:00', '+01:00', 3, 0, NULL, NULL, 7, 3),
(8, '2009-10-04 23:00:00', '2009-10-04 23:00:00', '+01:00', 4, 0, NULL, NULL, 7, 3),
(9, '2009-10-05 23:00:00', '2009-10-05 23:00:00', '+01:00', 3, 0, NULL, NULL, 7, 3),
(10, '2009-10-05 23:00:00', '2009-10-05 23:00:00', '+01:00', 4, 0, NULL, NULL, 7, 3),
(11, '2009-10-06 23:00:00', '2009-10-06 23:00:00', '+01:00', 3, 0, NULL, NULL, 7, 3),
(12, '2009-10-06 23:00:00', '2009-10-06 23:00:00', '+01:00', 4, 0, NULL, NULL, 7, 3),
(13, '2009-10-07 23:00:00', '2009-10-07 23:00:00', '+01:00', 3, 0, NULL, NULL, 7, 3),
(14, '2009-10-07 23:00:00', '2009-10-07 23:00:00', '+01:00', 4, 0, NULL, NULL, 7, 3),
(15, '2009-10-08 23:00:00', '2009-10-08 23:00:00', '+01:00', 3, 0, NULL, NULL, 7, 3),
(16, '2009-10-08 23:00:00', '2009-10-08 23:00:00', '+01:00', 4, 0, NULL, NULL, 7, 3),
(17, '2009-10-09 23:00:00', '2009-10-09 23:00:00', '+01:00', 3, 0, NULL, NULL, 7, 3),
(18, '2009-10-09 23:00:00', '2009-10-09 23:00:00', '+01:00', 4, 0, NULL, NULL, 7, 3),
(19, '2009-10-10 23:00:00', '2009-10-10 23:00:00', '+01:00', 3, 0, NULL, NULL, 7, 3),
(20, '2009-10-10 23:00:00', '2009-10-10 23:00:00', '+01:00', 4, 0, NULL, NULL, 7, 3),
(21, '2009-10-11 23:00:00', '2009-10-11 23:00:00', '+01:00', 3, 0, NULL, NULL, 7, 3),
(22, '2009-10-11 23:00:00', '2009-10-11 23:00:00', '+01:00', 4, 0, NULL, NULL, 7, 3),
(23, '2009-10-12 23:00:00', '2009-10-12 23:00:00', '+01:00', 3, 0, NULL, NULL, 7, 3),
(24, '2009-10-12 23:00:00', '2009-10-12 23:00:00', '+01:00', 4, 10, NULL, NULL, 7, 3),
(25, '2009-10-13 23:00:00', '2009-10-13 23:00:00', '+01:00', 3, 0, NULL, NULL, 7, 3),
(26, '2009-10-13 23:00:00', '2009-10-13 23:00:00', '+01:00', 4, 10, NULL, NULL, 7, 3),
(27, '2009-10-14 23:00:00', '2009-10-14 23:00:00', '+01:00', 3, 10, NULL, NULL, 7, 3),
(28, '2009-10-14 23:00:00', '2009-10-14 23:00:00', '+01:00', 4, 10, NULL, NULL, 7, 3),
(29, '2009-10-15 23:00:00', '2009-10-15 23:00:00', '+01:00', 3, 10, NULL, NULL, 7, 3),
(30, '2009-10-15 23:00:00', '2009-10-15 23:00:00', '+01:00', 4, 10, NULL, NULL, 7, 3),
(31, '2009-10-01 17:00:00', '2009-10-01 17:00:00', '+01:00', 5, 122, NULL, NULL, 1, 1),
(32, '2009-10-01 17:00:00', '2009-10-01 17:00:00', '+01:00', 5, 101, NULL, NULL, 2, 1),
(33, '2009-10-02 17:00:00', '2009-10-02 17:00:00', '+01:00', 5, 100, NULL, NULL, 1, 1),
(34, '2009-10-02 17:00:00', '2009-10-02 17:00:00', '+01:00', 5, 72, NULL, NULL, 2, 1),
(35, '2009-10-03 17:00:00', '2009-10-03 17:00:00', '+01:00', 5, 100, NULL, NULL, 1, 1),
(36, '2009-10-03 17:00:00', '2009-10-03 17:00:00', '+01:00', 5, 72, NULL, NULL, 2, 1),
(37, '2009-10-04 17:00:00', '2009-10-04 17:00:00', '+01:00', 5, 100, NULL, NULL, 1, 1),
(38, '2009-10-04 17:00:00', '2009-10-04 17:00:00', '+01:00', 5, 72, NULL, NULL, 2, 1),
(39, '2009-10-05 17:00:00', '2009-10-05 17:00:00', '+01:00', 5, 80, NULL, NULL, 1, 1),
(40, '2009-10-05 17:00:00', '2009-10-05 17:00:00', '+01:00', 5, 52, NULL, NULL, 2, 1),
(41, '2009-10-06 17:00:00', '2009-10-06 17:00:00', '+01:00', 5, 64, NULL, NULL, 1, 1),
(42, '2009-10-06 17:00:00', '2009-10-06 17:00:00', '+01:00', 5, 21, NULL, NULL, 2, 1),
(43, '2009-10-07 17:00:00', '2009-10-07 17:00:00', '+01:00', 5, 42, NULL, NULL, 1, 1),
(44, '2009-10-07 17:00:00', '2009-10-07 17:00:00', '+01:00', 5, 2, NULL, NULL, 2, 1),
(45, '2009-10-08 17:00:00', '2009-10-08 17:00:00', '+01:00', 5, 1, NULL, NULL, 1, 1),
(46, '2009-10-08 17:00:00', '2009-10-08 17:00:00', '+01:00', 5, 3, NULL, NULL, 2, 1),
(47, '2009-10-09 17:00:00', '2009-10-09 17:00:00', '+01:00', 5, 164, NULL, NULL, 1, 1),
(48, '2009-10-09 17:00:00', '2009-10-09 17:00:00', '+01:00', 5, 205, NULL, NULL, 2, 1),
(49, '2009-10-10 17:00:00', '2009-10-10 17:00:00', '+01:00', 5, 164, NULL, NULL, 1, 1),
(50, '2009-10-10 17:00:00', '2009-10-10 17:00:00', '+01:00', 5, 205, NULL, NULL, 2, 1),
(51, '2009-10-11 17:00:00', '2009-10-11 17:00:00', '+01:00', 5, 164, NULL, NULL, 1, 1),
(52, '2009-10-11 17:00:00', '2009-10-11 17:00:00', '+01:00', 5, 205, NULL, NULL, 2, 1),
(53, '2009-10-12 17:00:00', '2009-10-12 17:00:00', '+01:00', 5, 142, NULL, NULL, 1, 1),
(54, '2009-10-12 17:00:00', '2009-10-12 17:00:00', '+01:00', 5, 182, NULL, NULL, 2, 1),
(55, '2009-10-13 17:00:00', '2009-10-13 17:00:00', '+01:00', 5, 125, NULL, NULL, 1, 1),
(56, '2009-10-13 17:00:00', '2009-10-13 17:00:00', '+01:00', 5, 168, NULL, NULL, 2, 1),
(57, '2009-10-14 17:00:00', '2009-10-14 17:00:00', '+01:00', 5, 100, NULL, NULL, 1, 1),
(58, '2009-10-14 17:00:00', '2009-10-14 17:00:00', '+01:00', 5, 142, NULL, NULL, 2, 1),
(59, '2009-10-15 17:00:00', '2009-10-15 17:00:00', '+01:00', 5, 82, NULL, NULL, 1, 1),
(60, '2009-10-15 17:00:00', '2009-10-15 17:00:00', '+01:00', 5, 122, NULL, NULL, 2, 1);


-- ---------------------------------------------
-- Vocabularies Test Data
-- ---------------------------------------------

INSERT INTO `voc_BizStep` (`id`, `uri`) VALUES
(1, 'urn:epcglobal:cbv:bizstep:accepting'),
(2, 'urn:epcglobal:cbv:bizstep:arriving'),
(3, 'urn:epcglobal:cbv:bizstep:commissioning'),
(4, 'urn:epcglobal:cbv:bizstep:decommissioning'),
(5, 'urn:epcglobal:cbv:bizstep:departing'),
(6, 'urn:epcglobal:cbv:bizstep:destroying'),
(7, 'urn:epcglobal:cbv:bizstep:encoding'),
(8, 'urn:epcglobal:cbv:bizstep:holding'),
(9, 'urn:epcglobal:cbv:bizstep:inspecting'),
(10, 'urn:epcglobal:cbv:bizstep:loading'),
(11, 'urn:epcglobal:cbv:bizstep:other'),
(12, 'urn:epcglobal:cbv:bizstep:packing'),
(13, 'urn:epcglobal:cbv:bizstep:picking'),
(14, 'urn:epcglobal:cbv:bizstep:receiving'),
(15, 'urn:epcglobal:cbv:bizstep:repackaging'),
(16, 'urn:epcglobal:cbv:bizstep:reserving'),
(17, 'urn:epcglobal:cbv:bizstep:shipping'),
(18, 'urn:epcglobal:cbv:bizstep:staging_outbound'),
(19, 'urn:epcglobal:cbv:bizstep:stocking'),
(20, 'urn:epcglobal:cbv:bizstep:storing');

INSERT INTO `voc_Disposition` (`id`, `uri`) VALUES
(1, 'urn:epcglobal:cbv:disp:active'),
(2, 'urn:epcglobal:cbv:disp:container_closed'),
(3, 'urn:epcglobal:cbv:disp:destroyed'),
(4, 'urn:epcglobal:cbv:disp:encoded'),
(5, 'urn:epcglobal:cbv:disp:inactive'),
(6, 'urn:epcglobal:cbv:disp:in_progress'),
(7, 'urn:epcglobal:cbv:disp:in_transit'),
(8, 'urn:epcglobal:cbv:disp:non_sellable_expired'),
(9, 'urn:epcglobal:cbv:disp:non_sellable_damaged'),
(10, 'urn:epcglobal:cbv:disp:non_sellable_no_pedigree_match'),
(11, 'urn:epcglobal:cbv:disp:non_sellable_other'),
(12, 'urn:epcglobal:cbv:disp:non_sellable_recalled'),
(13, 'urn:epcglobal:cbv:disp:reserved'),
(14, 'urn:epcglobal:cbv:disp:returned'),
(15, 'urn:epcglobal:cbv:disp:sellable_accessible'),
(16, 'urn:epcglobal:cbv:disp:sellable_not_accessible'),
(17, 'urn:epcglobal:cbv:disp:sold'),
(18, 'urn:epcglobal:cbv:disp:unknown');

INSERT INTO `voc_EPCClass` (`id`, `uri`) VALUES
(1, 'urn:epc:id:sgtin:0000001.000001'),
(2, 'urn:epc:id:sgtin:0000002.000001'),
(3, 'urn:epc:id:sgtin:0000003.000001'),
(4, 'urn:epc:id:sgtin:0000004.000001'),
(5, 'urn:epc:id:sgtin:0123456.012345');

INSERT INTO `voc_BizLoc` (`id`, `uri`) VALUES
(1, 'urn:epc:id:sgln:unifr.perolles'),
(2, 'urn:epc:id:sgln:ethz.haldeneggstieg'),
(3, 'urn:epc:id:sgln:chocolat-villars.factory'),
(4, 'urn:epc:id:sgln:chocolat-villars.cafe'),
(5, 'urn:epc:id:sgln:coop.marly'),
(6, 'urn:epc:id:sgln:milkfarm-happycow.gruyere'),
(7, 'urn:epc:id:sgln:sugarfarm-sweetsugar.rio'),
(8, 'urn:epc:id:sgln:cocoaplant-bestbeans.volta'),
(9, 'urn:epc:id:sgln:rotterdam-harbor.koningshaven'),
(10, 'urn:epc:id:sgln:airport.zurich'),
(11, 'urn:epc:id:sgln:trainstation.fribourg'),
(12, 'urn:epc:id:sgln:steg-computer.fribourg');

INSERT INTO `voc_ReadPoint` (`id`, `uri`) VALUES
(1, 'urn:epc:id:sgln:unifr.perolles.cafeteria'),
(2, 'urn:epc:id:sgln:unifr.perolles.mensa'),
(3, 'urn:epc:id:sgln:unifr.perolles.C412'),
(4, 'urn:epc:id:sgln:unifr.perolles.D402'),
(5, 'urn:epc:id:sgln:ethz.haldeneggstieg.D47.2'),
(6, 'urn:epc:id:sgln:chocolat-villars.factory.receipt'),
(7, 'urn:epc:id:sgln:chocolat-villars.factory.inventory'),
(8, 'urn:epc:id:sgln:chocolat-villars.factory.shopfloor'),
(9, 'urn:epc:id:sgln:chocolat-villars.factory.shipping'),
(10, 'urn:epc:id:sgln:chocolat-villars.cafe.sale'),
(11, 'urn:epc:id:sgln:coop.marly.sale'),
(12, 'urn:epc:id:sgln:milkfarm-happycow.gruyere.shipping'),
(13, 'urn:epc:id:sgln:sugarfarm-sweetsugar.rio.shipping'),
(14, 'urn:epc:id:sgln:cocoaplant-bestbeans.volta.shipping'),
(15, 'urn:epc:id:sgln:rotterdam-harbor.koningshaven.transit'),
(16, 'urn:epc:id:sgln:airport.zurich.duty'),
(17, 'urn:epc:id:sgln:trainstation.fribourg.transit'),
(18, 'urn:epc:id:sgln:steg-computer.fribourg.shop'),
(19, 'urn:epc:id:sgln:unifr.perolles.diuf');

COMMIT;
